team1,team2,team3,score
frc3373,frc977,frc1599,70
frc2890,frc449,frc401,57
frc5115,frc4099,frc422,72
frc4541,frc2421,frc401,84
frc2377,frc5587,frc6326,82
frc2363,frc2186,frc4541,44
frc346,frc422,frc2890,79
frc1610,frc122,frc1895,69
frc539,frc614,frc4099,69
frc1731,frc836,frc3373,115
frc2421,frc9072,frc1599,85
frc1111,frc8592,frc3136,72
frc1719,frc1086,frc339,56
frc5804,frc888,frc2199,71
frc1727,frc401,frc2068,73
frc619,frc9003,frc449,71
frc1262,frc5115,frc6802,63
frc977,frc8326,frc9403,63
frc686,frc620,frc5338,84
frc1908,frc1629,frc8230,44
frc3939,frc2106,frc623,96
frc9709,frc5549,frc404,35
frc6326,frc339,frc1599,65
frc620,frc539,frc5549,70
frc1111,frc2199,frc2890,28
frc614,frc686,frc9709,69
frc1629,frc977,frc1262,61
frc2106,frc2186,frc122,92
frc1731,frc8230,frc5587,55
frc6802,frc5804,frc1727,109
frc449,frc1610,frc2068,72
frc9072,frc888,frc346,104
frc1719,frc1908,frc619,42
frc1895,frc623,frc836,103
frc2363,frc3939,frc3373,80
frc8326,frc2377,frc3136,75
frc9403,frc1086,frc9003,52
frc404,frc8592,frc5338,91
frc539,frc4541,frc1111,40
frc1262,frc2890,frc9709,51
frc5549,frc1262,frc4099,82
frc614,frc619,frc5587,64
frc1599,frc5549,frc5804,67
frc4099,frc1727,frc1629,87
frc8230,frc2106,frc9072,56
frc5115,frc5587,frc2186,64
frc977,frc346,frc1895,54
frc2421,frc2199,frc1908,65
frc888,frc8326,frc686,66
frc422,frc1731,frc1719,107
frc8592,frc620,frc1086,83
frc623,frc449,frc2363,86
frc401,frc3939,frc3136,86
frc122,frc619,frc5338,95
frc2377,frc2068,frc9003,54
frc9403,frc836,frc614,65
frc339,frc404,frc1610,39
frc6802,frc6326,frc3373,93
frc1599,frc539,frc1895,87
frc977,frc5115,frc8230,64
frc2890,frc5549,frc5587,49
frc1719,frc2421,frc888,51
frc339,frc4541,frc9072,28
frc404,frc8230,frc2421,40
frc449,frc4541,frc346,97
frc9709,frc1629,frc5804,103
frc2106,frc401,frc1262,84
frc2363,frc686,frc8592,88
frc3939,frc122,frc1908,73
frc4099,frc9403,frc2199,75
frc1610,frc6326,frc9003,61
frc1086,frc2068,frc1731,83
frc619,frc6802,frc1111,62
frc2186,frc8326,frc404,52
frc5338,frc3373,frc422,76
frc836,frc9072,frc620,99
frc339,frc3136,frc1727,102
frc623,frc614,frc2377,58
frc5587,frc9709,frc1719,57
frc8230,frc8592,frc401,57
frc686,frc1908,frc539,70
frc9403,frc4541,frc3939,55
frc122,frc2363,frc2421,78
frc5549,frc6326,frc1731,87
frc422,frc9709,frc620,76
frc1086,frc2377,frc5115,53
frc2186,frc888,frc6802,50
frc1599,frc9003,frc4099,73
frc836,frc5115,frc619,94
frc1086,frc1610,frc5804,92
frc620,frc3373,frc2199,84
frc1727,frc1111,frc2106,66
frc1629,frc614,frc346,92
frc623,frc9072,frc8326,70
frc977,frc404,frc422,48
frc3136,frc2890,frc2068,55
frc5338,frc1895,frc449,114
frc2377,frc339,frc1262,46
frc401,frc1908,frc2186,70
frc1719,frc1599,frc9403,56
frc9709,frc4099,frc122,66
frc686,frc1610,frc2421,60
frc888,frc619,frc1731,92
frc4541,frc3373,frc2106,83
frc8326,frc1086,frc346,92
frc1727,frc5549,frc9072,82
frc3136,frc2199,frc1719,36
frc1629,frc539,frc6326,87
frc3136,frc977,frc623,80
frc9003,frc5587,frc620,73
frc2377,frc5804,frc2363,78
frc2199,frc404,frc539,51
frc836,frc1111,frc449,113
frc1895,frc8230,frc6326,55
frc2068,frc422,frc1262,52
frc6802,frc3939,frc339,72
frc8592,frc614,frc5115,72
frc2890,frc5338,frc1629,80
frc4541,frc9709,frc1086,70
frc1908,frc1599,frc8326,54
frc1731,frc401,frc686,90
frc3136,frc346,frc2186,75
frc888,frc623,frc404,46
frc2199,frc1727,frc122,95
frc5549,frc836,frc2377,75
frc9003,frc1111,frc977,50
frc4099,frc6802,frc2106,100
frc9072,frc449,frc1719,69
frc5804,frc623,frc2068,77
frc686,frc2186,frc1111,50
frc2068,frc1895,frc3373,36
frc2421,frc539,frc5587,80
frc5115,frc2363,frc1629,91
frc619,frc339,frc8592,55
frc1610,frc8230,frc2890,37
frc620,frc1262,frc3939,113
frc6326,frc5338,frc614,63
frc9403,frc422,frc5804,99
frc2186,frc1727,frc836,105
frc4541,frc686,frc2199,64
frc122,frc1719,frc404,37
frc449,frc9709,frc977,75
frc5549,frc1895,frc1908,41
frc3373,frc401,frc9072,72
frc9003,frc2421,frc8592,51
frc339,frc8326,frc4099,77
frc8230,frc3136,frc539,80
frc623,frc6802,frc1086,85
frc1629,frc9403,frc619,63
frc1111,frc422,frc888,77
frc8326,frc122,frc6802,72
frc836,frc5338,frc2106,96
frc614,frc620,frc2363,70
frc3939,frc2068,frc5115,59
frc346,frc2377,frc1610,60
frc2106,frc5587,frc1599,82
frc1262,frc1731,frc5338,106
frc5804,frc2890,frc6326,87
frc8592,frc2186,frc5549,61
frc1895,frc404,frc4541,58
frc8230,frc9003,frc122,45
frc3373,frc1719,frc539,69
frc1111,frc1629,frc339,56
frc401,frc977,frc1086,60
frc614,frc2421,frc3939,39
frc6802,frc620,frc449,97
frc2199,frc836,frc8326,88
frc5587,frc3136,frc1610,58
frc9072,frc9403,frc2377,85
frc619,frc2890,frc686,78
frc2106,frc5804,frc1731,103
frc1599,frc623,frc422,97
frc1908,frc1727,frc9403,73
frc2363,frc1731,frc1610,84
frc6326,frc1262,frc1727,76
frc1908,frc346,frc5115,42
frc888,frc4099,frc2363,105
frc5338,frc2068,frc9709,60
frc2186,frc3373,frc2421,64
frc3939,frc1086,frc1629,77
frc1610,frc1719,frc4541,56
frc122,frc1111,frc614,68
frc5587,frc9403,frc686,83
frc449,frc339,frc5549,74
frc9072,frc1731,frc8592,115
frc539,frc2377,frc977,60
frc8326,frc2106,frc2890,75
frc401,frc6326,frc623,65
frc9709,frc2363,frc1727,75
frc422,frc6802,frc1895,59
frc404,frc5115,frc620,62
frc4099,frc346,frc836,84
frc9003,frc3136,frc888,87
frc5804,frc1262,frc1908,79
frc346,frc9003,frc3939,85
frc8592,frc1895,frc888,70
frc5338,frc1599,frc8230,80
frc2068,frc2199,frc619,76
frc5587,frc1629,frc4541,84
frc1731,frc3939,frc1111,64
frc6326,frc8592,frc8326,65
frc3373,frc122,frc2377,93
frc539,frc449,frc2186,105
frc422,frc1610,frc614,69
frc2890,frc1719,frc836,70
frc346,frc2363,frc339,61
frc1895,frc2106,frc9403,47
frc1086,frc4099,frc3136,95
frc1727,frc619,frc623,98
frc2421,frc5338,frc977,53
frc2199,frc1599,frc9709,62
frc1262,frc9072,frc9003,70
frc404,frc5804,frc401,77
frc620,frc888,frc8230,63
frc2068,frc1908,frc6802,49
frc5115,frc686,frc5549,34
frc3748,frc4541,frc1727,75
frc5830,frc5841,frc2377,15
frc8514,frc4464,frc2849,10
frc449,frc6213,frc1727,116
frc836,frc5115,frc7770,67
frc6863,frc8726,frc1389,50
frc5830,frc888,frc614,44
frc2537,frc2377,frc8622,44
frc8592,frc6326,frc3793,45
frc5841,frc1719,frc6213,36
frc9072,frc686,frc6863,85
frc7886,frc4541,frc4464,32
frc1111,frc888,frc449,56
frc836,frc1389,frc1727,81
frc4099,frc2537,frc8726,47
frc3748,frc7770,frc4505,47
frc2914,frc8514,frc2534,42
frc4638,frc2849,frc5115,54
frc1389,frc2377,frc4541,63
frc3793,frc4464,frc1111,8
frc1727,frc9072,frc2537,89
frc4099,frc6213,frc7770,39
frc449,frc8514,frc9072,88
frc8622,frc888,frc686,37
frc4638,frc6863,frc5830,32
frc8592,frc8514,frc888,39
frc2914,frc2849,frc8726,41
frc1719,frc449,frc686,104
frc8622,frc5841,frc5115,41
frc4505,frc836,frc6326,64
frc2534,frc7886,frc4638,34
frc614,frc3748,frc3793,65
frc8592,frc6213,frc9072,91
frc2849,frc2537,frc1389,30
frc8514,frc2377,frc4099,50
frc6863,frc5841,frc449,47
frc3748,frc2914,frc888,62
frc836,frc4464,frc8622,45
frc1727,frc614,frc686,98
frc5115,frc4541,frc2534,53
frc1719,frc7770,frc1111,28
frc7886,frc5830,frc6326,15
frc8726,frc4638,frc3748,57
frc4505,frc4099,frc449,82
frc7886,frc6863,frc3793,22
frc1111,frc8592,frc2849,48
frc4464,frc2537,frc614,31
frc1727,frc6863,frc8514,61
frc3793,frc8622,frc2849,22
frc2377,frc5115,frc1111,33
frc5841,frc836,frc686,74
frc1389,frc8592,frc5830,40
frc888,frc2534,frc4505,56
frc7886,frc2914,frc6213,20
frc4541,frc7770,frc9072,76
frc1719,frc6326,frc8726,61
frc5841,frc3748,frc1389,24
frc686,frc4638,frc2537,51
frc8592,frc4505,frc5115,54
frc888,frc4464,frc4099,44
frc2534,frc449,frc8622,79
frc9072,frc1719,frc7886,31
frc6213,frc614,frc2849,31
frc836,frc5830,frc4541,63
frc7770,frc8726,frc2377,63
frc1111,frc8514,frc6326,34
frc4099,frc4638,frc2914,34
frc5115,frc6326,frc6213,47
frc3793,frc1727,frc1719,47
frc6863,frc2914,frc8622,26
frc686,frc5115,frc5830,57
frc449,frc7886,frc2537,46
frc7770,frc6326,frc4464,19
frc2849,frc9072,frc3748,74
frc8726,frc1111,frc4505,44
frc614,frc2914,frc8592,44
frc8514,frc4541,frc5841,28
frc3793,frc4099,frc836,49
frc6213,frc1389,frc2534,28
frc6863,frc2377,frc888,43
frc1727,frc2849,frc4505,83
frc4638,frc8622,frc1719,27
frc2537,frc836,frc2914,69
frc614,frc4099,frc4541,52
frc4464,frc6863,frc8592,49
frc2534,frc8726,frc5841,44
frc6213,frc3793,frc2377,18
frc7770,frc449,frc4638,72
frc4464,frc4505,frc1719,29
frc7770,frc1389,frc614,46
frc888,frc1727,frc6326,77
frc686,frc1111,frc7886,36
frc9072,frc5115,frc1389,72
frc8514,frc5830,frc3748,34
frc2537,frc8592,frc1719,37
frc2377,frc2534,frc836,80
frc2849,frc686,frc7770,42
frc888,frc3793,frc4638,45
frc4541,frc8726,frc6213,67
frc8622,frc1389,frc8514,35
frc5830,frc9072,frc4099,72
frc4464,frc1727,frc2914,55
frc6326,frc3748,frc449,74
frc4505,frc614,frc6863,56
frc5841,frc1111,frc2537,23
frc5115,frc7886,frc8514,28
frc4638,frc8592,frc836,50
frc8622,frc1727,frc7770,46
frc449,frc5830,frc4464,65
frc4505,frc3793,frc4541,51
frc8726,frc836,frc7886,55
frc2537,frc2534,frc3793,43
frc1719,frc4099,frc6863,56
frc686,frc6213,frc3748,62
frc2849,frc5841,frc7886,16
frc5115,frc888,frc8726,58
frc1389,frc1111,frc2914,26
frc2534,frc614,frc9072,79
frc2377,frc449,frc8592,95
frc6326,frc2537,frc6863,53
frc3748,frc1719,frc5115,41
frc4541,frc2849,frc888,57
frc5830,frc2534,frc1727,85
frc8726,frc3793,frc8514,41
frc6213,frc4505,frc4638,15
frc1111,frc9072,frc836,76
frc1389,frc7886,frc4099,54
frc2914,frc7770,frc5841,23
frc6326,frc8622,frc614,59
frc2377,frc686,frc4464,45
frc4541,frc8622,frc1111,24
frc4099,frc3748,frc8592,65
frc614,frc1719,frc2377,65
frc9072,frc4638,frc5841,58
frc6326,frc686,frc2534,64
frc2914,frc4505,frc5830,38
frc2377,frc8726,frc116,28
frc1719,frc686,frc4464,20
frc1389,frc8514,frc5115,22
frc4638,frc116,frc1418,26
frc1629,frc4541,frc1727,105
frc4464,frc1111,frc888,24
frc7770,frc1446,frc2849,12
frc4456,frc2900,frc8726,60
frc3793,frc8326,frc5243,33
frc7886,frc2377,frc6326,17
frc3748,frc5115,frc9072,55
frc2914,frc1418,frc686,21
frc5841,frc1908,frc8514,21
frc1719,frc1111,frc1629,46
frc4541,frc116,frc4456,55
frc8726,frc4638,frc1446,23
frc2199,frc2900,frc7770,7
frc6213,frc1727,frc1389,61
frc4464,frc8622,frc2537,19
frc888,frc614,frc2849,27
frc1719,frc7886,frc3793,11
frc9072,frc5841,frc1418,37
frc1111,frc1418,frc2199,24
frc8622,frc4638,frc5841,20
frc1446,frc8326,frc1629,66
frc1111,frc2914,frc116,7
frc5243,frc2377,frc4541,29
frc3748,frc2900,frc1908,40
frc7770,frc1727,frc8622,34
frc8726,frc5115,frc614,46
frc4456,frc4464,frc1389,34
frc2537,frc6213,frc2199,21
frc2849,frc686,frc6326,50
frc888,frc8514,frc4638,43
frc2377,frc3793,frc1908,34
frc116,frc9072,frc8326,34
frc2914,frc3748,frc7770,33
frc1629,frc5841,frc2900,53
frc1446,frc6213,frc4541,27
frc5115,frc1719,frc8622,40
frc5243,frc4464,frc8726,30
frc888,frc6326,frc1418,51
frc614,frc4456,frc686,52
frc2849,frc1389,frc1111,30
frc614,frc2914,frc1629,50
frc6213,frc5243,frc7886,0
frc8514,frc2537,frc7886,9
frc2199,frc1727,frc4638,27
frc2900,frc6213,frc116,4
frc4541,frc9072,frc1719,60
frc1629,frc6326,frc1908,63
frc1418,frc8622,frc2377,39
frc4456,frc5841,frc3793,44
frc686,frc888,frc5115,52
frc1446,frc2914,frc4464,5
frc1727,frc8514,frc8726,6
frc4638,frc1389,frc2537,27
frc614,frc5243,frc3748,36
frc8326,frc1111,frc7770,21
frc2849,frc2199,frc7886,27
frc9072,frc1629,frc6213,60
frc1908,frc1418,frc4456,42
frc116,frc8622,frc888,44
frc2377,frc8514,frc2914,18
frc686,frc1389,frc5841,32
frc614,frc3793,frc1446,41
frc6326,frc3748,frc8326,41
frc2537,frc9072,frc1446,57
frc8726,frc2537,frc1111,23
frc5243,frc7770,frc5115,24
frc4638,frc7886,frc3748,20
frc2900,frc6326,frc4464,13
frc1727,frc2849,frc1719,27
frc2199,frc4541,frc8326,59
frc1418,frc1446,frc8514,17
frc6213,frc3793,frc888,65
frc5115,frc1629,frc2377,69
frc7770,frc686,frc2537,31
frc7886,frc1111,frc2900,1
frc1389,frc1908,frc8726,47
frc5841,frc614,frc8326,39
frc4464,frc3748,frc116,30
frc1727,frc9072,frc5243,88
frc4541,frc4638,frc2849,29
frc8622,frc4456,frc2199,58
frc6326,frc1719,frc2914,25
frc686,frc1908,frc7886,40
frc1418,frc2900,frc2537,25
frc888,frc1908,frc1727,64
frc3793,frc7770,frc1389,18
frc116,frc1389,frc1446,28
frc4464,frc2377,frc6213,19
frc9072,frc8726,frc2849,45
frc1111,frc1727,frc5841,75
frc6326,frc2199,frc614,52
frc4541,frc7770,frc888,47
frc5115,frc8326,frc4456,53
frc5243,frc1629,frc8622,44
frc4638,frc2914,frc3793,12
frc8514,frc1719,frc3748,38
frc1727,frc4464,frc1418,55
frc686,frc2377,frc2900,76
frc8726,frc888,frc2199,61
frc1389,frc614,frc9072,52
frc1908,frc8622,frc4541,39
frc7886,frc1446,frc5841,2
frc1111,frc4456,frc6213,35
frc3793,frc2537,frc3748,32
frc8326,frc1719,frc4638,31
frc1629,frc7770,frc8514,54
frc2900,frc4541,frc5115,35
frc4456,frc2849,frc8514,31
frc2849,frc5115,frc2914,38
frc116,frc5243,frc6326,32
frc2900,frc888,frc9072,57
frc1446,frc686,frc1727,76
frc3748,frc2199,frc2377,55
frc5841,frc4464,frc4541,32
frc8622,frc8726,frc3793,36
frc1389,frc7886,frc1629,65
frc7770,frc116,frc1719,35
frc2537,frc6326,frc4456,35
frc5115,frc4638,frc1111,33
frc2914,frc8326,frc1908,37
frc1418,frc2849,frc5243,25
frc8514,frc614,frc6213,35
frc2199,frc1629,frc686,79
frc8622,frc1446,frc2900,19
frc3748,frc888,frc1389,59
frc7886,frc116,frc1727,61
frc2537,frc4541,frc2914,41
frc3793,frc5115,frc4464,33
frc2377,frc5841,frc1719,59
frc2914,frc2199,frc5243,15
frc1719,frc1418,frc614,42
frc8326,frc2849,frc2377,56
frc8514,frc5243,frc1111,11
frc9072,frc4456,frc7770,64
frc5841,frc8726,frc6326,53
frc1908,frc6213,frc4638,43
frc6213,frc3748,frc686,53
frc8326,frc7886,frc8622,24
frc6326,frc3793,frc9072,42
frc1908,frc2537,frc614,46
frc8592,frc2998,frc1731,63
frc2421,frc4505,frc620,17
frc3373,frc4286,frc5954,8
frc2534,frc1895,frc2106,48
frc836,frc4505,frc617,23
frc9709,frc1599,frc2421,30
frc3136,frc5587,frc1522,34
frc422,frc6863,frc539,42
frc1731,frc620,frc8590,65
frc4286,frc8592,frc2199,55
frc2534,frc8326,frc540,50
frc2998,frc1895,frc339,25
frc9709,frc836,frc4099,59
frc3373,frc612,frc6863,9
frc2998,frc4505,frc2534,15
frc422,frc3136,frc8590,53
frc1522,frc4286,frc2106,14
frc1895,frc1599,frc612,51
frc5954,frc617,frc540,0
frc620,frc2199,frc8592,43
frc1731,frc539,frc8326,83
frc4099,frc339,frc3373,37
frc2199,frc422,frc339,35
frc1522,frc3373,frc1599,34
frc5587,frc1599,frc8590,34
frc2421,frc2199,frc2534,38
frc422,frc3373,frc4505,43
frc620,frc4286,frc612,18
frc339,frc5954,frc9709,44
frc4099,frc2998,frc617,26
frc6863,frc1731,frc1895,88
frc8326,frc8592,frc3136,58
frc5587,frc2106,frc540,35
frc836,frc2421,frc1522,27
frc1599,frc8592,frc4505,45
frc539,frc9709,frc4286,32
frc2998,frc8590,frc3373,19
frc620,frc1522,frc8326,28
frc540,frc339,frc836,52
frc1731,frc422,frc2199,66
frc2421,frc539,frc612,17
frc4099,frc2534,frc5587,35
frc6863,frc617,frc3136,59
frc2106,frc5954,frc1895,33
frc3136,frc612,frc4099,46
frc4286,frc540,frc2534,10
frc4099,frc422,frc8592,84
frc1599,frc1731,frc2998,61
frc4286,frc5587,frc617,15
frc2534,frc836,frc6863,16
frc1895,frc3373,frc620,45
frc540,frc8590,frc539,12
frc2421,frc3136,frc5954,30
frc339,frc612,frc2106,24
frc2199,frc1522,frc1895,52
frc8326,frc9709,frc4505,44
frc422,frc5587,frc539,48
frc8592,frc339,frc540,33
frc1599,frc2998,frc4286,26
frc2106,frc3136,frc836,67
frc2534,frc620,frc9709,34
frc1731,frc2421,frc3373,63
frc5954,frc2199,frc4505,33
frc1522,frc4099,frc6863,40
frc612,frc8326,frc2421,24
frc617,frc8590,frc422,30
frc539,frc1895,frc836,40
frc5954,frc9709,frc8590,27
frc9709,frc1895,frc5587,39
frc3136,frc540,frc2199,33
frc6863,frc2106,frc1599,27
frc8590,frc4099,frc8326,34
frc539,frc5954,frc620,44
frc836,frc1731,frc4286,57
frc339,frc2534,frc1522,42
frc617,frc3373,frc8592,40
frc2998,frc836,frc539,59
frc4505,frc612,frc1731,49
frc8592,frc2534,frc3136,43
frc2199,frc617,frc3373,37
frc8326,frc2106,frc4099,34
frc1522,frc540,frc2998,19
frc6863,frc339,frc2421,16
frc4286,frc8590,frc1895,31
frc612,frc9709,frc422,52
frc4505,frc5587,frc5954,6
frc8592,frc620,frc836,36
frc1599,frc8326,frc339,51
frc2106,frc617,frc1731,72
frc5587,frc6863,frc8326,21
frc9709,frc1522,frc1731,52
frc3373,frc3136,frc5587,55
frc1895,frc4286,frc2421,24
frc620,frc1599,frc422,59
frc2106,frc2998,frc2199,44
frc4505,frc539,frc4099,50
frc8590,frc540,frc6863,32
frc612,frc5954,frc2534,30
frc1895,frc4505,frc3136,53
frc617,frc4099,frc620,53
frc8590,frc2534,frc8592,42
frc539,frc2106,frc9709,46
frc3373,frc6863,frc339,34
frc5587,frc2421,frc2998,12
frc2199,frc8326,frc4286,34
frc836,frc422,frc5954,65
frc617,frc1522,frc612,3
frc540,frc1731,frc1599,55
frc3136,frc4099,frc1599,59
frc5954,frc8592,frc1522,39
frc540,frc620,frc422,77
frc4505,frc6863,frc9709,40
frc8590,frc2421,frc2106,24
frc339,frc539,frc617,33
frc612,frc2199,frc5587,25
frc8326,frc836,frc2998,45
frc1885,frc1629,frc9403,37
frc1086,frc449,frc3361,49
frc4456,frc449,frc9003,31
frc8230,frc5830,frc401,33
frc1793,frc3939,frc3361,41
frc6189,frc977,frc1885,26
frc5804,frc9403,frc1793,46
frc9003,frc1086,frc8230,35
frc401,frc5724,frc6802,62
frc3939,frc1629,frc1262,76
frc9033,frc9403,frc6189,21
frc449,frc3361,frc4456,54
frc1629,frc5830,frc977,56
frc6189,frc449,frc5804,66
frc3939,frc1885,frc5830,29
frc1793,frc1629,frc6189,54
frc6194,frc449,frc3939,30
frc4456,frc9003,frc8230,25
frc3939,frc9033,frc6194,8
frc6802,frc1262,frc5830,36
frc977,frc9003,frc5724,36
frc6189,frc4456,frc1885,22
frc5804,frc4456,frc1793,23
frc1086,frc3939,frc9033,45
frc977,frc8230,frc401,58
frc9403,frc6802,frc1885,21
frc5830,frc6194,frc1793,15
frc1262,frc977,frc449,14
frc5804,frc6802,frc1086,77
frc1262,frc1885,frc9003,13
frc1629,frc401,frc6194,70
frc4456,frc5724,frc9403,15
frc1086,frc3361,frc4456,56
frc9033,frc449,frc1262,26
frc9033,frc1086,frc5830,40
frc5724,frc8230,frc1885,35
frc6189,frc8230,frc9033,23
frc5804,frc1262,frc5724,40
frc623,frc2900,frc611,39
frc612,frc2186,frc9033,20
frc620,frc122,frc401,76
frc623,frc339,frc2912,28
frc2028,frc4472,frc5243,51
frc9033,frc8230,frc2900,30
frc1885,frc611,frc9235,39
frc5338,frc3373,frc1895,47
frc1731,frc612,frc4821,75
frc122,frc1915,frc5587,49
frc8590,frc8230,frc2912,23
frc2028,frc116,frc623,40
frc620,frc539,frc1885,57
frc3359,frc9033,frc4472,50
frc5549,frc9403,frc2363,39
frc339,frc2186,frc401,35
frc2421,frc1418,frc1895,77
frc5243,frc619,frc2900,48
frc5338,frc5587,frc1731,114
frc1915,frc612,frc4472,29
frc9403,frc116,frc3359,42
frc3373,frc8230,frc539,60
frc2363,frc1895,frc5587,57
frc620,frc339,frc5549,42
frc9235,frc5243,frc2363,58
frc2186,frc620,frc611,60
frc2900,frc1895,frc339,48
frc4821,frc623,frc8590,47
frc9033,frc2028,frc2912,29
frc401,frc1885,frc5549,39
frc122,frc2421,frc612,43
frc619,frc1418,frc3373,70
frc116,frc5338,frc2900,37
frc339,frc9403,frc1731,75
frc1895,frc2912,frc5549,43
frc611,frc3359,frc5587,34
frc9033,frc619,frc8590,43
frc4472,frc620,frc9235,51
frc8230,frc1915,frc1418,30
frc2363,frc539,frc401,79
frc2186,frc623,frc2421,43
frc122,frc1885,frc2028,48
frc5587,frc5243,frc9033,39
frc9403,frc4821,frc5338,54
frc2028,frc9403,frc8590,27
frc3359,frc1731,frc619,95
frc9235,frc539,frc1731,72
frc5549,frc8590,frc612,37
frc116,frc339,frc4472,43
frc8230,frc2028,frc620,46
frc1895,frc623,frc122,70
frc2900,frc2363,frc3373,58
frc619,frc1885,frc1915,40
frc401,frc2421,frc611,40
frc5243,frc4821,frc2186,33
frc3359,frc2912,frc1418,29
frc620,frc8590,frc5338,76
frc5587,frc2028,frc5549,65
frc9033,frc2363,frc2421,54
frc122,frc339,frc9235,43
frc116,frc612,frc619,30
frc401,frc5243,frc623,52
frc2912,frc2186,frc3373,32
frc1895,frc4472,frc1731,94
frc9403,frc1418,frc1885,60
frc8230,frc611,frc4821,28
frc5338,frc539,frc1418,56
frc2912,frc116,frc1885,17
frc3359,frc2900,frc620,41
frc539,frc1915,frc623,52
frc339,frc3373,frc2421,45
frc2912,frc5338,frc5243,42
frc4472,frc5587,frc619,35
frc1418,frc2363,frc2028,66
frc8590,frc401,frc1915,27
frc611,frc9033,frc1895,46
frc5549,frc9235,frc116,47
frc2900,frc1885,frc4821,26
frc539,frc3359,frc8230,39
frc1731,frc2186,frc122,83
frc9403,frc401,frc9033,64
frc612,frc620,frc5587,36
frc1885,frc5338,frc339,35
frc2912,frc1915,frc2900,19
frc623,frc9235,frc1418,60
frc2421,frc5549,frc4472,58
frc1895,frc8590,frc2186,21
frc8230,frc116,frc2363,59
frc401,frc4472,frc8230,49
frc2421,frc9235,frc4821,40
frc612,frc3359,frc2028,25
frc611,frc122,frc9403,47
frc5243,frc1731,frc3373,77
frc4821,frc619,frc539,57
frc8590,frc5587,frc116,70
frc1915,frc9033,frc9235,53
frc2186,frc5549,frc8230,48
frc1885,frc612,frc1895,44
frc623,frc9403,frc620,56
frc5338,frc619,frc2421,86
frc1731,frc2900,frc2028,63
frc3373,frc401,frc3359,50
frc339,frc611,frc5243,40
frc4472,frc1418,frc122,61
frc539,frc2912,frc612,46
frc4821,frc2363,frc620,68
frc9235,frc2900,frc401,42
frc2186,frc3359,frc5338,48
frc5549,frc611,frc1915,30
frc5243,frc122,frc116,44
frc3373,frc5549,frc122,52
frc1915,frc5243,frc9403,22
frc539,frc9033,frc339,48
frc2028,frc1895,frc619,51
frc2421,frc8230,frc1885,33
frc2363,frc1731,frc8590,92
frc4472,frc3373,frc623,35
frc5587,frc2912,frc9403,53
frc4821,frc122,frc3359,44
frc1418,frc620,frc116,68
frc1915,frc2028,frc5338,39
frc9235,frc1895,frc8230,38
frc611,frc4472,frc2363,60
frc612,frc3373,frc9403,39
frc1418,frc4821,frc339,81
frc1731,frc623,frc9033,76
frc1885,frc5587,frc2186,54
frc8590,frc2421,frc5243,38
frc619,frc401,frc2912,56
frc2900,frc5549,frc539,60
frc2363,frc5338,frc612,62
frc1418,frc8590,frc3359,28
frc116,frc1731,frc611,69
frc5587,frc2421,frc539,57
frc3373,frc4821,frc1915,37
frc619,frc9235,frc2186,61
frc540,frc3939,frc6882,35
frc2106,frc2068,frc5338,71
frc5954,frc1599,frc404,16
frc3136,frc3361,frc9709,53
frc1610,frc1086,frc5804,59
frc617,frc6882,frc4821,29
frc2890,frc5724,frc3939,51
frc4286,frc2106,frc2186,61
frc6194,frc540,frc1262,29
frc4472,frc9709,frc1599,67
frc1522,frc2068,frc6802,37
frc2998,frc3361,frc2988,37
frc404,frc5338,frc346,42
frc3136,frc5954,frc977,51
frc5804,frc2186,frc540,42
frc1086,frc1262,frc2106,82
frc9709,frc4286,frc2890,46
frc5724,frc6882,frc2068,36
frc2988,frc617,frc3136,46
frc1522,frc404,frc977,33
frc3361,frc4821,frc1610,36
frc346,frc3939,frc4472,82
frc5804,frc2998,frc346,47
frc2988,frc1086,frc4286,24
frc5954,frc6802,frc2998,32
frc1599,frc6194,frc5338,57
frc2988,frc2890,frc1262,47
frc2106,frc1522,frc5804,86
frc9709,frc617,frc3939,54
frc6882,frc3136,frc1086,56
frc5338,frc404,frc6802,60
frc346,frc4286,frc5724,67
frc2068,frc1610,frc6194,30
frc2186,frc4472,frc5954,30
frc2998,frc977,frc4821,30
frc540,frc1599,frc3361,42
frc1262,frc3136,frc3939,70
frc6802,frc2988,frc2106,61
frc404,frc1610,frc4286,24
frc2890,frc5338,frc1086,42
frc5954,frc540,frc9709,27
frc2186,frc3361,frc617,31
frc5724,frc4821,frc5804,59
frc2068,frc6194,frc4472,31
frc1599,frc3136,frc4472,60
frc6194,frc5724,frc617,21
frc2998,frc1522,frc1599,28
frc977,frc346,frc6882,28
frc6802,frc540,frc2186,26
frc1262,frc617,frc404,13
frc3136,frc4286,frc5338,58
frc4821,frc6194,frc2890,33
frc9709,frc977,frc2068,49
frc346,frc1522,frc5954,43
frc3361,frc3939,frc1086,66
frc1599,frc5804,frc2988,49
frc2106,frc6882,frc5724,58
frc4472,frc2998,frc1610,32
frc1522,frc6194,frc9709,54
frc4286,frc540,frc617,4
frc2988,frc2186,frc346,51
frc1086,frc1599,frc4821,39
frc5338,frc1610,frc5724,77
frc2068,frc1262,frc3361,46
frc3939,frc5954,frc5804,38
frc2998,frc404,frc6882,16
frc1262,frc9709,frc2186,41
frc6802,frc3361,frc977,28
frc3136,frc2106,frc2890,105
frc977,frc4472,frc6802,51
frc1522,frc4286,frc3361,25
frc2186,frc1610,frc1599,39
frc6882,frc2988,frc5338,33
frc3939,frc404,frc6194,60
frc9709,frc2106,frc2998,51
frc4821,frc2068,frc3136,52
frc4472,frc5804,frc977,40
frc540,frc6802,frc2890,40
frc617,frc1086,frc346,59
frc5724,frc1262,frc5954,50
frc404,frc2106,frc3361,59
frc6194,frc2998,frc3136,44
frc4286,frc4821,frc4472,21
frc977,frc2186,frc3939,37
frc2068,frc1086,frc5954,45
frc1610,frc346,frc540,63
frc5338,frc5804,frc1262,54
frc5724,frc9709,frc2988,44
frc4821,frc1522,frc404,31
frc2890,frc5954,frc1610,37
frc1599,frc617,frc6802,67
frc6882,frc2890,frc1522,44
frc3361,frc346,frc6194,63
frc3939,frc2998,frc4286,36
frc540,frc977,frc2106,53
frc1086,frc9709,frc404,34
frc2890,frc1599,frc2068,51
frc5804,frc6802,frc1610,70
frc5954,frc4821,frc2988,31
frc2186,frc3136,frc5724,68
frc4472,frc6882,frc1262,45
frc617,frc5338,frc1522,46
frc4286,frc977,frc6194,35
frc1610,frc3939,frc2106,54
frc346,frc5724,frc1599,95
frc404,frc2988,frc540,22
frc617,frc2068,frc2998,25
frc5804,frc2890,frc3136,92
frc3361,frc5954,frc6882,42
frc6802,frc1262,frc4821,48
frc2106,frc4472,frc617,40
frc6882,frc5804,frc4286,51
frc1086,frc2186,frc1522,36
frc5338,frc4472,frc9709,66
frc977,frc5724,frc1086,31
frc3939,frc6802,frc2068,50
frc1610,frc2988,frc1522,41
frc4821,frc5338,frc540,35
frc6194,frc2890,frc2186,37
frc1262,frc346,frc2998,60
frc9003,frc1908,frc2988,30
frc6882,frc1610,frc2912,17
frc2988,frc2890,frc122,41
frc404,frc2028,frc9235,20
frc2363,frc9003,frc611,41
frc1610,frc2912,frc6189,19
frc1908,frc422,frc6882,54
frc1793,frc2068,frc346,50
frc1915,frc3359,frc2890,40
frc9235,frc2912,frc2988,16
frc619,frc9003,frc122,46
frc5549,frc2068,frc1908,37
frc2028,frc2363,frc1610,36
frc1793,frc404,frc6189,13
frc623,frc9003,frc6882,8
frc5549,frc611,frc9235,39
frc619,frc3359,frc2028,22
frc122,frc1610,frc2890,32
frc2912,frc404,frc623,10
frc2363,frc1915,frc346,62
frc2068,frc6189,frc422,68
frc2988,frc611,frc1793,24
frc2028,frc122,frc623,30
frc2363,frc422,frc9235,65
frc2912,frc3359,frc2363,51
frc2028,frc1908,frc5549,33
frc6882,frc623,frc2068,11
frc346,frc122,frc6189,79
frc1915,frc611,frc2988,33
frc1908,frc619,frc1793,50
frc422,frc2890,frc404,44
frc1610,frc9003,frc9235,36
frc2068,frc2028,frc2988,23
frc1793,frc623,frc5549,39
frc6882,frc122,frc611,18
frc2890,frc619,frc2912,32
frc9003,frc346,frc3359,59
frc2363,frc9235,frc6189,56
frc2912,frc1610,frc422,50
frc1908,frc404,frc1915,29
frc9003,frc1793,frc2028,51
frc2890,frc6882,frc5549,41
frc404,frc2363,frc1610,45
frc122,frc9235,frc1908,24
frc1793,frc6189,frc3359,16
frc619,frc5549,frc404,34
frc3359,frc623,frc2068,10
frc422,frc1915,frc619,54
frc611,frc6189,frc2028,24
frc346,frc2988,frc1908,34
frc623,frc619,frc2912,11
frc2890,frc1793,frc1610,54
frc6189,frc6882,frc1915,26
frc2068,frc2363,frc122,58
frc3359,frc2988,frc404,10
frc422,frc346,frc9003,80
frc9235,frc6882,frc2028,20
frc1610,frc5549,frc611,45
frc404,frc422,frc9003,54
frc1915,frc1793,frc122,35
frc623,frc2912,frc346,72
frc3359,frc9235,frc619,45
frc6189,frc2890,frc1908,45
frc2988,frc5549,frc2363,46
frc2068,frc2912,frc9003,24
frc611,frc2028,frc422,51
frc1915,frc2068,frc2890,37
frc1610,frc611,frc346,53
frc6882,frc404,frc1793,16
frc623,frc1908,frc2363,35
frc2890,frc9235,frc2068,39
frc6189,frc2988,frc619,34
frc611,frc1610,frc1915,9
frc122,frc5549,frc3359,42
frc1908,frc1793,frc2912,43
frc346,frc2028,frc2890,69
frc9235,frc623,frc1915,14
frc5549,frc6189,frc9003,50
frc619,frc2068,frc611,53
frc122,frc346,frc404,68
frc3359,frc422,frc1610,51
frc2988,frc2363,frc6882,24
frc422,frc2988,frc623,48
frc404,frc3359,frc6882,1
frc9003,frc1915,frc2068,30
frc2028,frc619,frc2363,39
frc2912,frc122,frc5549,27
frc9235,frc346,frc1793,35
frc6189,frc2890,frc623,21
frc611,frc1908,frc3359,12
frc5549,frc1915,frc422,65
frc346,frc6882,frc619,41
